,features__id,features__geometry__coordinates__001,features__geometry__coordinates__002,features__properties__name,features__properties__kinds
0,7982642,73.8562851,18.5197887,Navagraha Shani Mandir,"religion,hindu_temples,interesting_places"
4,4982515,73.8553009,18.5204773,Shaniwar Wada Amphitheatre,"architecture,historic_architecture,fortifications,historic,cultural,theatres_and_entertainments,interesting_places,other_theatres,other_fortifications,amphitheatres"
5,1880288,73.8553085,18.5206261,Bajirao I statue,"historic,monuments_and_memorials,interesting_places,monuments"
8,5102363,73.856308,18.5190258,Prem Vitthal,"religion,other_temples,interesting_places"
9,11471114,73.8572388,18.5190296,Kasba Ganpati,"religion,hindu_temples,interesting_places"
12,5167809,73.8571014,18.5188332,Phani Ali Ganesh Mandir,"religion,hindu_temples,interesting_places"
14,7230246,73.8553391,18.5193977,Shaniwarwada,"fortifications,historic,interesting_places,other_fortifications"
15,1880287,73.8566437,18.5187531,Lal Mahal,"other,unclassified_objects,interesting_places,tourist_object"
16,5167808,73.8570709,18.518755,Kala Datta Mandir,"religion,hindu_temples,interesting_places"
17,5686924,73.8560791,18.5188084,Shrimant Peshwe Ganesh Mandir,"religion,hindu_temples,interesting_places"
22,7977880,73.8584595,18.5189362,Shrimahalakshmi Ganesh Mandir,"religion,hindu_temples,interesting_places"
23,1880294,73.8585434,18.5189686,Chavhan Shriram Mandir,"religion,hindu_temples,interesting_places"
24,5102362,73.8569412,18.517704,Shrikunthunath Shwetambar Jain Mandir,"religion,other_temples,interesting_places"
25,1880290,73.8534927,18.520628,Amruteshwar Mandir,"religion,hindu_temples,interesting_places"
26,1880283,73.8538895,18.5182076,Dakshinmukhi Maruti Mandir,"religion,hindu_temples,interesting_places"
27,7989635,73.8581619,18.516901,Pasodya Vithoba Mandir,"religion,hindu_temples,interesting_places"
28,11422000,73.8561096,18.5164299,Shreemant Dagadusheth Halwai Sarvjanik Ganpati,"religion,hindu_temples,interesting_places"
29,7087223,73.854187,18.5168629,Kibe Laxmi Theatre,"cultural,cinemas,theatres_and_entertainments,interesting_places"
30,7982647,73.8547745,18.5165138,Tambdi Jogeshwari,"religion,hindu_temples,interesting_places"
32,1880357,73.8544388,18.5243683,Mangala Multiplex,"cultural,cinemas,theatres_and_entertainments,interesting_places"
33,5167811,73.8615952,18.5198174,Ram krishna temple,"religion,hindu_temples,interesting_places"
34,9958524,73.851799,18.5194435,Shaniwar Veer Maruti Mandir,"religion,hindu_temples,interesting_places"
35,7982649,73.8556061,18.5156689,Belbag Mandir,"religion,hindu_temples,interesting_places"
36,5167807,73.8594131,18.5160542,Sonya Maruti,"religion,hindu_temples,interesting_places"
37,5102361,73.8598328,18.5161686,Tamboli Masjid,"religion,other_temples,interesting_places"
38,14642207,73.8618088,18.5179367,Gurdwara Sri Guru Singh Sabha Ganesh Peth,"religion,other_temples,interesting_places"
39,5102369,73.8618774,18.5178452,Gurusingh Sabha Gurudwara,"religion,other_temples,interesting_places"
40,7982646,73.85466,18.5150471,Guruji Talim,"religion,hindu_temples,interesting_places"
42,5686923,73.8554993,18.5137291,Tulshibaug Ram Mandir,"religion,hindu_temples,interesting_places"
43,5102365,73.8616943,18.5151443,Madar Chala Masjid,"religion,other_temples,interesting_places"
44,5167810,73.8627777,18.5162411,Dulya Maruti,"religion,hindu_temples,interesting_places"
45,11633156,73.8539429,18.5136967,Bank of Maharashtra,"architecture,historic_architecture,interesting_places,banks,bank,tourist_facilities,other_buildings_and_structures"
47,7982643,73.8491058,18.5199013,Omkareshwar Mandir,"religion,hindu_temples,interesting_places"
48,5686945,73.863739,18.5233192,Prakash Navajawan Mandal,"religion,hindu_temples,interesting_places"
49,7082315,73.8645706,18.5197773,Apollo,"cultural,cinemas,theatres_and_entertainments,interesting_places"
50,7982648,73.8604813,18.5138168,Someshwar Mandir,"religion,hindu_temples,interesting_places"
51,4982510,73.8486938,18.5219917,Balgandharva Rangmandir,"cultural,theatres_and_entertainments,interesting_places,other_theatres"
52,7982645,73.8537369,18.5131264,Shani Mandir,"religion,hindu_temples,interesting_places"
53,7979619,73.8501816,18.5152988,Patrya Maruti,"religion,hindu_temples,interesting_places"
54,1880356,73.850647,18.5260715,Krushnarao Gangurde,"historic,monuments_and_memorials,interesting_places,monuments"
55,1880253,73.8482208,18.5225258,Rani Laxmibai,"historic,monuments_and_memorials,cultural,urban_environment,interesting_places,sculptures,monuments"
56,5102368,73.8612213,18.5130978,Bagban Masjid,"religion,other_temples,interesting_places"
57,7979930,73.8480682,18.5181217,Shri Sadguru Ramanand Bidkar Maharaj Math,"religion,hindu_temples,interesting_places"
58,7989638,73.8655777,18.5191116,Lakshmishwar Mandir,"religion,hindu_temples,interesting_places"
59,7989639,73.8499985,18.5263767,Jangli Maharaj Mandir,"religion,hindu_temples,interesting_places"
60,4959609,73.8488617,18.5157948,Lokmanya Tilak Museum,"cultural,museums,interesting_places,other_museums"
62,5102370,73.8660355,18.5208378,Avatar Meher Baba Pune Centre,"religion,other_temples,interesting_places"
63,11567232,73.8568268,18.5293007,"College of Engineering, Pune","architecture,historic_architecture,interesting_places,other_buildings_and_structures"
64,1880261,73.853714,18.5119362,Sarvajanik Kaka,"historic,monuments_and_memorials,interesting_places,monuments"
65,7989637,73.8661346,18.5202274,Raste Wada Datta Mandir,"religion,hindu_temples,interesting_places"
66,1880355,73.8573303,18.5293941,COEP Auditorium,"cultural,theatres_and_entertainments,interesting_places,other_theatres"
67,15840254,73.8478012,18.5235996,Papal Seminary,"religion,other_temples,interesting_places"
68,15153727,73.8478012,18.5235996,Jnana-Deepa Vidyapeeth,"religion,other_temples,interesting_places"
71,11540545,73.8500519,18.5270214,Pataleshwar,"religion,historic,hindu_temples,archaeology,interesting_places,other_archaeological_sites"
73,7979443,73.865921,18.5175686,Lakerya Maruti,"religion,hindu_temples,interesting_places"
75,11564017,73.8498459,18.526947,Pataleshwar cave temple,"religion,hindu_temples,interesting_places"
77,7989634,73.8502655,18.5132694,Vishweshwar Mandir,"religion,hindu_temples,interesting_places"
79,7982641,73.8477631,18.5160198,Bhajiram Mandir,"religion,hindu_temples,interesting_places"
80,7982640,73.8477936,18.515295,Modi Ganpati,"religion,hindu_temples,interesting_places"
81,11776981,73.8544388,18.510767,Raja Dinkar Kelkar Museum,"cultural,museums,interesting_places,other_museums"
82,9958523,73.8502655,18.5123844,Hanuman Mandir,"religion,hindu_temples,interesting_places"
84,7982639,73.8465652,18.5172348,Ashtabhuja Mandir,"religion,hindu_temples,interesting_places"
85,7982650,73.867569,18.5195007,Untade Maruti Mandir,"religion,hindu_temples,interesting_places"
86,5102366,73.8673019,18.5177002,Succath Shelomo Synagogue,"religion,other_temples,interesting_places"
87,7979618,73.8467712,18.5158501,Mati Ganapati Mandir,"religion,hindu_temples,interesting_places"
88,7982644,73.8505554,18.5115852,Khunya Murlidhar Mandir,"religion,hindu_temples,interesting_places"
89,7082312,73.8475189,18.5141506,Limaye Natya-Chitra Mandir,"cultural,cinemas,theatres_and_entertainments,interesting_places"
91,1880362,73.8556595,18.5311165,Mini Auditorium COEP,"cultural,theatres_and_entertainments,interesting_places,other_theatres"
93,14692378,73.8568497,18.5317001,Battle of Poona,"battlefields,historic,historical_places,interesting_places"
94,7045148,73.8452148,18.5236301,Mahatma Phule Vastu Sangrahalaya,"cultural,museums,interesting_places,other_museums"
95,1880263,73.8554535,18.5085812,Chinchechi Talim,"religion,hindu_temples,interesting_places"
96,7053605,73.8495102,18.5106659,Bharat Itihas Sanshodhak Mandal,"cultural,museums,interesting_places,other_museums"
97,4982509,73.8492432,18.5106449,Bharat Naatya Mandir,"cultural,theatres_and_entertainments,interesting_places,other_theatres"
98,5686916,73.8456268,18.5136604,Garud Ganapati Mandir,"religion,hindu_temples,interesting_places"
99,7980743,73.8458557,18.5112228,Hatti Ganpati Mandir,"religion,hindu_temples,interesting_places"
100,1880370,73.8662949,18.5310249,English Electric Canberra,"other,unclassified_objects,interesting_places,historic_object"
101,7082313,73.8423386,18.5164509,R Deccan Multiplex,"cultural,cinemas,theatres_and_entertainments,interesting_places"
102,4982508,73.8488922,18.508234,Tilak Smarak Mandir,"cultural,theatres_and_entertainments,interesting_places,other_theatres"
103,7982638,73.8427277,18.5145607,Khandujibaba Vitthal Mandir,"religion,hindu_temples,interesting_places"
104,1880192,73.845871,18.5099258,Navi Peth Vitthal Mandir,"religion,hindu_temples,interesting_places"
105,1880218,73.8435822,18.5125866,Vitthal Mandir,"religion,hindu_temples,interesting_places"
106,7082316,73.8464584,18.531601,Rahul Cineplex,"cultural,cinemas,theatres_and_entertainments,interesting_places"
107,11191182,73.8448029,18.5107555,Kusumbai Motichand Planetarium,"planetariums,cultural,museums,interesting_places"
109,5686932,73.8414459,18.5245399,Tukaram Paduka Mandir,"religion,hindu_temples,interesting_places"
110,4990800,73.8433304,18.5122128,Alka Talkies,"cultural,cinemas,theatres_and_entertainments,interesting_places"
111,1880239,73.8626328,18.5063744,Farog E Nabavi Masjid,"religion,other_temples,interesting_places"
112,7894317,73.8728714,18.5206051,St. Mathew's Marathi Church,"religion,churches,interesting_places,other_churches"
113,7356481,73.853569,18.5053539,Vasantdada Patil,"historic,monuments_and_memorials,cultural,urban_environment,interesting_places,sculptures,monuments"
114,7045154,73.8456268,18.5316372,Sawai Gandharva Smarak,"cultural,museums,interesting_places,other_museums"
115,1880330,73.841629,18.5268192,Jnaneshwar Paduka Mandir,"religion,hindu_temples,interesting_places"
116,11474381,73.8719177,18.5268345,BJ Medical College,"architecture,historic_architecture,interesting_places,other_buildings_and_structures"
117,1880160,73.8424606,18.5120583,Nanasaheb Peshwe Samadhi,"historic,monuments_and_memorials,interesting_places,monuments"
118,5102360,73.8624573,18.5053062,Makkah Masjid,"religion,other_temples,interesting_places"
119,5102367,73.8720627,18.527235,Station Masjid,"religion,other_temples,interesting_places"
120,5686919,73.8533554,18.5046177,Adambag Masjid,"religion,mosques,interesting_places"
121,4982514,73.8733521,18.5236454,Susie Sorabjee Auditorium,"cultural,theatres_and_entertainments,interesting_places,other_theatres"
122,1880189,73.8426895,18.5112648,Visava Maruti Mandir,"religion,hindu_temples,interesting_places"
123,11633153,73.8484879,18.5061455,Sir Parshurambhau College,"architecture,historic_architecture,interesting_places,other_buildings_and_structures"
125,1880215,73.8409424,18.513052,Savarkar Memorial,"historic,monuments_and_memorials,interesting_places,monuments"
126,5102359,73.8638306,18.5050812,Mominpura Kabrastan Masjid,"religion,other_temples,interesting_places"
127,11381989,73.874588,18.5193558,Ohel David Synagogue,"religion,synagogues,interesting_places"
128,5686897,73.861084,18.5038929,Saint Teresa's Church,"religion,other_temples,interesting_places"
129,4982511,73.8386154,18.5233612,Amphitheatre,"cultural,theatres_and_entertainments,interesting_places,other_theatres"
130,11202498,73.8385925,18.5241489,Fergussson College,"architecture,historic_architecture,interesting_places,other_buildings_and_structures"
131,1880187,73.841713,18.5098286,Thosar Paga,"cemeteries,historic,burial_places,interesting_places"
132,4982513,73.8758774,18.5198402,Nehru Memorial Hall,"cultural,theatres_and_entertainments,interesting_places,other_theatres"
133,7082314,73.8504257,18.5029545,Nilayam,"cultural,cinemas,theatres_and_entertainments,interesting_places"
134,15379638,73.8758926,18.524147,Darshan Museum,"museums,cultural,interesting_places,other_museums"
135,11289895,73.8369217,18.5202618,Gokhale Institute of Politics and Economics,"architecture,historic_architecture,interesting_places,other_buildings_and_structures"
136,1880421,73.8744125,18.5288773,Pune Junction,"railway_stations,industrial_facilities,interesting_places"
137,5011412,73.8542023,18.5016193,Lokashahir Annabhau Sathe,"historic,monuments_and_memorials,cultural,urban_environment,interesting_places,sculptures,monuments"
138,4982507,73.85672,18.5014381,Ganesh Kala Krida Rangamanch,"cultural,theatres_and_entertainments,interesting_places,other_theatres"
140,1880201,73.8369598,18.5163174,Balbhim Mandir,"religion,hindu_temples,interesting_places"
141,1880257,73.8541718,18.5013638,Jamnalal Bajaj,"historic,monuments_and_memorials,cultural,urban_environment,interesting_places,sculptures,monuments"
143,5686951,73.8761063,18.5130367,St.Xavier's Church,"religion,churches,interesting_places,other_churches"
144,1880063,73.852951,18.5008812,Talyatala Ganapati,"religion,hindu_temples,interesting_places"
145,5102356,73.8542557,18.5003128,Mahalakshmi temple,"religion,other_temples,interesting_places"
146,11319015,73.8529053,18.500494,Sarasbaug,"urban_environment,gardens_and_parks,cultural,interesting_places"
147,11659327,73.8353653,18.5209255,Brihan Maharashtra College of Commerce,"architecture,historic_architecture,interesting_places,other_buildings_and_structures"
148,7082319,73.8779602,18.5185318,West End,"cultural,cinemas,theatres_and_entertainments,interesting_places"
150,1880199,73.8353653,18.5172577,HAL Marut,"other,unclassified_objects,interesting_places,historic_object"
152,7087224,73.8766251,18.5286922,Alankar Cinema,"cultural,cinemas,theatres_and_entertainments,interesting_places"
153,5686947,73.8763275,18.5114346,Hazrat Babajaan Dargah,"religion,other_temples,interesting_places"
154,4990802,73.877861,18.526844,Inox,"cultural,cinemas,theatres_and_entertainments,interesting_places"
155,7726859,73.8344879,18.5230408,Vasupujya Jinalaya Jain Temple,"religion,other_temples,interesting_places"
156,1880200,73.8346405,18.5163994,Shri Gurudev Datt Mandir,"religion,hindu_temples,interesting_places"
157,1880111,73.853096,18.4993114,Shri Kanchi shankar math,"religion,other_temples,interesting_places"
158,7356482,73.8792191,18.5184422,Dr. Babasaheb Ambedkar,"historic,monuments_and_memorials,cultural,urban_environment,interesting_places,sculptures,monuments"
159,1880110,73.8527603,18.4992752,Swami samarth seva kendra,"religion,other_temples,interesting_places"
160,1880109,73.8520966,18.4993134,Vedacharya Phatak Guruji,"historic,monuments_and_memorials,cultural,urban_environment,interesting_places,sculptures,monuments"
161,5686955,73.8794785,18.5200119,ISKCON Temple,"religion,hindu_temples,interesting_places"
162,7082318,73.8794785,18.5145473,Victory Cinema,"cultural,cinemas,theatres_and_entertainments,interesting_places"
163,7672474,73.8790436,18.5129738,Burhani Masjid,"religion,other_temples,interesting_places"
164,7977941,73.8331833,18.524971,Hanuman Mandir,"religion,hindu_temples,interesting_places"
165,1880347,73.8379974,18.535614,Hutatma Chaphekar Bandhu Memorial,"historic,monuments_and_memorials,interesting_places,monuments"
166,7112750,73.8590775,18.4971256,Atul electroformers,"cultural,urban_environment,interesting_places,installation"
167,1880166,73.8386307,18.504467,Bal Shivaji Mitra Mandal,"religion,hindu_temples,interesting_places"
168,9958520,73.8592224,18.4971199,Kubera Estate,"other,unclassified_objects,interesting_places,tourist_object"
169,7985101,73.8761063,18.535141,Tarun Vikas Mandal,"religion,hindu_temples,interesting_places"
170,7087222,73.8690567,18.4993534,Apsara Talkies,"cultural,cinemas,theatres_and_entertainments,interesting_places"
171,4990798,73.8575821,18.4961071,Laxminarayan Talkies,"cultural,cinemas,theatres_and_entertainments,interesting_places"
173,1880314,73.8343658,18.5326996,Pramod Mahale,"historic,monuments_and_memorials,interesting_places,monuments"
174,11813672,73.8470917,18.4975605,Parvati,"view_points,other,religion,hindu_temples,interesting_places,banks,bank,tourist_facilities"
175,5686882,73.8471069,18.4975433,Parvati Temple,"religion,hindu_temples,interesting_places"
176,7045147,73.8468323,18.4972668,Parvati Museum,"cultural,museums,interesting_places,other_museums"
177,15385780,73.8466644,18.4972229,Parvati Hill,"mountain_peaks,interesting_places,natural,geological_formations"
178,4959610,73.8299942,18.5242653,Dr. Babasaheb Ambedkar Museum,"cultural,museums,interesting_places,other_museums"
179,1880067,73.8390656,18.5007324,Shri Vitthal Rukmini Mandir Dattawadi,"religion,hindu_temples,interesting_places"
180,1879183,73.8292618,18.5192833,Bhandarkar Oriental Research Institute,"architecture,historic_architecture,interesting_places,other_buildings_and_structures"
182,15611823,73.8294449,18.5156403,National Film Archive of India,"museums,cultural,interesting_places,other_museums"
183,5102357,73.8321457,18.5081024,Saint Crispin's Church,"religion,other_temples,interesting_places"
184,9958522,73.8329468,18.5064144,Amruteshwar Mandir,"religion,hindu_temples,interesting_places"
185,7082317,73.8355713,18.5378513,E-Square Multiplex,"cultural,cinemas,theatres_and_entertainments,interesting_places"
186,1880420,73.8841324,18.5283222,General Arunkumar Vaidya,"historic,monuments_and_memorials,interesting_places,monuments"
188,5011414,73.8853607,18.5283833,Seafarers Memorial,"historic,monuments_and_memorials,interesting_places,monuments"
189,15784820,73.8855591,18.5126877,Gurdwara Guru Nanak Darbar Camp Pune I,"religion,other_temples,interesting_places"
190,1880391,73.885788,18.5125999,Gurudwara,"religion,other_temples,interesting_places"
191,7978453,73.8502121,18.4923439,Shri Gajanan Maharaj Mandir,"religion,hindu_temples,interesting_places"
192,1879487,73.8272934,18.5131702,Wisdom Tree (FTII),"religion,other_temples,interesting_places"
193,5686949,73.8843689,18.5077496,Saint Mary's Church,"religion,churches,interesting_places,other_churches"
194,7978452,73.8500443,18.4918499,Ganesh Mandir,"religion,hindu_temples,interesting_places"
195,7082320,73.8875656,18.5193768,Liberty Cinema,"cultural,cinemas,theatres_and_entertainments,interesting_places"
197,5102371,73.8782425,18.5436993,Sadal Baba,"religion,other_temples,interesting_places"
198,7299651,73.8896561,18.5230751,National War Memorial Southern Command,"historic,monuments_and_memorials,interesting_places,monuments"
199,11263556,73.8567505,18.5518703,Kirkee War Cemetery,"cemeteries,historic,monuments_and_memorials,burial_places,interesting_places,war_graves,monuments"
200,16244529,73.8569565,18.5519199,Kirkee Memorial,"historic,burial_places,interesting_places,war_memorials"
201,7082311,73.8579102,18.4886951,City Pride Multiplex,"cultural,cinemas,theatres_and_entertainments,interesting_places"
202,11471113,73.8258514,18.5057983,Dashabhuja Mandir,"religion,hindu_temples,interesting_places"
204,1880090,73.8460617,18.4891338,Dashabhuja Ganapati,"religion,hindu_temples,interesting_places"
205,5102372,73.8867493,18.5372391,Buddha-Hall,"religion,other_temples,interesting_places"
206,5167797,73.8254623,18.5056057,Bal Tarun Mandal,"religion,hindu_temples,interesting_places"
207,11381988,73.8276901,18.5389194,Chaturshrungi Mandir,"religion,hindu_temples,interesting_places"
208,11679344,73.8369141,18.4926891,Pu La Deshpande Udyan,"urban_environment,gardens_and_parks,cultural,interesting_places"
209,1880093,73.8354034,18.4936333,Navshya Maruti,"religion,hindu_temples,interesting_places"
210,7672475,73.8886032,18.5369167,Osho Ashram,"religion,other_temples,interesting_places"
212,1880531,73.8820724,18.5458145,Tarkeshwar Shiva Temple,"religion,hindu_temples,interesting_places"
213,1880102,73.8526306,18.4855785,Aranyeshwar Temple,"religion,hindu_temples,interesting_places"
214,4942900,73.882164,18.5462742,Tarkeshwar Mandir Hill,"natural,interesting_places,nature_reserves,other_nature_conservation_areas"
215,1879362,73.8265457,18.498354,Datta Mandir,"religion,other_temples,interesting_places"
216,5102346,73.8211517,18.5061646,Jain Temple,"religion,other_temples,interesting_places"
217,4982512,73.8907623,18.5022526,Dhanwantari Auditorium,"cultural,theatres_and_entertainments,interesting_places,other_theatres"
218,9958493,73.8177338,18.5240479,Hanuman Mandir,"religion,hindu_temples,interesting_places"
219,11222870,73.8222885,18.5013638,Joshi's Museum of Miniature Railways,"cultural,museums,interesting_places,museums_of_science_and_technology,other_technology_museums"
220,1880521,73.8547058,18.5582809,Church,"religion,other_temples,interesting_places"
221,1879478,73.8174667,18.5115089,Bedekar Ganapati Mandir,"religion,hindu_temples,interesting_places"
222,5165269,73.8204803,18.5034504,Maruti Mandir,"religion,hindu_temples,interesting_places"
224,15841658,73.8272858,18.4933681,"Tathawade Garden, Pune","gardens_and_parks,cultural,urban_environment,interesting_places"
225,1879355,73.8258209,18.4944305,Ramambika Devi Mandir,"religion,hindu_temples,interesting_places"
226,11673298,73.8154449,18.525486,Vetal Tekdi,"mountain_peaks,geological_formations,natural,interesting_places"
227,6189253,73.8232117,18.4967098,Ganesh Temple,"religion,hindu_temples,interesting_places"
228,7082303,73.8209457,18.4997425,City Pride Kothrud,"cultural,cinemas,theatres_and_entertainments,interesting_places"
229,7087226,73.8882599,18.546566,Gunjan Talkies,"cultural,cinemas,theatres_and_entertainments,interesting_places"
230,11586879,73.8980942,18.5130577,Empress Botanical Garden,"urban_environment,gardens_and_parks,cultural,interesting_places"
231,1880530,73.8836746,18.5513744,Noorani Masjid,"religion,other_temples,interesting_places"
232,15599923,73.8979263,18.5088253,Roman Catholic Diocese of Poona,"religion,other_temples,interesting_places"
233,5686751,73.8171234,18.5042419,Auditorium,"cultural,theatres_and_entertainments,interesting_places,other_theatres"
234,1879448,73.8180313,18.5023403,Mrutyunjayeshwar Mandir,"religion,hindu_temples,interesting_places"
235,1880401,73.8981628,18.5087662,ST PATRICKS CATHEDRAL,"religion,cathedrals,interesting_places"
236,5686956,73.8981705,18.5087585,Saint Patrick's Church,"religion,churches,interesting_places,other_churches"
237,1880402,73.8982162,18.5088406,St. Patrick's Cathedral,"religion,cathedrals,interesting_places"
238,5102374,73.8402634,18.5590286,Kali matha temple,"religion,other_temples,interesting_places"
239,1879331,73.8264389,18.4899139,Hanuman Mandir,"religion,hindu_temples,interesting_places"
240,1879479,73.8130875,18.5132046,Bhavani mandir,"religion,hindu_temples,interesting_places"
241,7979931,73.8987732,18.5069599,Bhairavnath Mandir,"religion,hindu_temples,interesting_places"
242,7045146,73.8236542,18.491991,Yash Laxmi Numismatic Museum,"cultural,museums,interesting_places,other_museums"
243,1880409,73.901062,18.5117912,Dr Ashok Sharaf Open Hardware,"other,unclassified_objects,interesting_places,tourist_object"
244,1880088,73.8547668,18.4773159,Padmavati Mandir,"religion,hindu_temples,interesting_places"
246,1880538,73.8757782,18.5599098,Sangam World Centre,"other,unclassified_objects,interesting_places,tourist_object"
247,7359311,73.815094,18.5020123,Maharshi Dhondo Keshav Karve,"historic,monuments_and_memorials,cultural,urban_environment,interesting_places,sculptures,monuments"
248,1880513,73.8386993,18.5608463,Ayappa temple,"religion,other_temples,interesting_places"
249,15832604,73.8246231,18.5523396,Savitribai Phule Pune University,"historic_architecture,architecture,interesting_places,other_buildings_and_structures"
250,4990801,73.9014053,18.5062656,Fame,"cultural,cinemas,theatres_and_entertainments,interesting_places"
252,1879674,73.8257904,18.554245,Pune university honorable vice chancelor residential qarter,"historic,monuments_and_memorials,interesting_places,monuments"
254,7066639,73.8137894,18.5014935,Sujit Aquariums,"cultural,aquariums,museums,interesting_places"
255,1879423,73.8134766,18.5021248,Chhatrapati Shivaji Maharaj,"historic,monuments_and_memorials,interesting_places,monuments"
256,5686757,73.8130112,18.5023575,Tuljabhavani Mata Mandir,"religion,hindu_temples,interesting_places"
257,7087225,73.8414993,18.5633469,Jaihind,"cultural,cinemas,theatres_and_entertainments,interesting_places"
258,1880515,73.836853,18.5618019,Ganesh Temple,"religion,hindu_temples,interesting_places"
259,7672471,73.8397522,18.5629768,St Thomas Orthodox Church,"religion,other_temples,interesting_places"
260,1880068,73.8444595,18.4763508,Taljai mandir,"religion,hindu_temples,interesting_places"
261,4982503,73.8123474,18.5026817,Yashwantrao Chavan Natyagruha,"cultural,theatres_and_entertainments,interesting_places,other_theatres"
263,5167796,73.8091431,18.510273,Ganesh Temple,"religion,hindu_temples,interesting_places"
264,5686736,73.8256531,18.4836273,Mandir,"religion,hindu_temples,interesting_places"
265,5686984,73.89328,18.5530128,Don Bosco Church,"religion,other_temples,interesting_places"
267,11447701,73.8972702,18.4916306,Shinde Chhatri,"other,unclassified_objects,interesting_places,tourist_object"
269,7978449,73.8059692,18.5124779,Maruti Mandir,"religion,hindu_temples,interesting_places"
270,1880085,73.8553619,18.4716396,Laxmi Mandir Temple,"religion,hindu_temples,interesting_places"
271,7982637,73.855835,18.471611,Ganesh Sanjay Temple,"religion,hindu_temples,interesting_places"
272,1880084,73.8553925,18.4715824,Mhasoba Temple,"religion,hindu_temples,interesting_places"
273,1880371,73.9041367,18.539484,Zakariya Masjid,"religion,other_temples,interesting_places"
274,5102355,73.8558578,18.4712505,Nav Ekta Mitramandle,"religion,other_temples,interesting_places"
275,1880083,73.8552475,18.4709167,Mhasoba Bamaj Temple,"religion,hindu_temples,interesting_places"
276,5167806,73.8555984,18.470583,Maruti Temple,"religion,hindu_temples,interesting_places"
277,7982636,73.8558578,18.4705276,Boudh Vihor Temple,"religion,hindu_temples,interesting_places"
278,1880082,73.855278,18.4701672,Shankar Mandir Temple,"religion,hindu_temples,interesting_places"
279,5167805,73.8559189,18.4700546,Somaj Mandir Temple,"religion,hindu_temples,interesting_places"
280,5686740,73.8094864,18.4958725,Shri Ram Mandir,"religion,hindu_temples,interesting_places"
281,5686991,73.8870926,18.562645,Shani Temple,"religion,hindu_temples,interesting_places"
283,1879416,73.8032608,18.5103474,Ramkrishna Paramhansnagar Sarvajanik Ganeshotsav Mandal,"religion,hindu_temples,interesting_places"
284,1880089,73.8639832,18.4683685,Shani Maruti Temple,"religion,hindu_temples,interesting_places"
285,14698880,73.8279648,18.4754562,Taljai Hills,"mountain_peaks,interesting_places,natural,geological_formations"
286,1880072,73.8612137,18.4678745,Ankush Mitra Mandal trust,"religion,other_temples,interesting_places"
287,9958534,73.8322372,18.5678463,St. Mary's Malankara Catholic Cathedral,"religion,other_temples,interesting_places"
288,14956721,73.8321228,18.5679245,Syro-Malankara Catholic Apostolic Exarchate of St. Ephrem of Khadki,"religion,other_temples,interesting_places"
289,11751657,73.901474,18.552269,Aga Khan Palace,"palaces,architecture,historic_architecture,interesting_places"
291,11725176,73.9016266,18.5523987,Aga Khan Palace,"palaces,architecture,historic_architecture,interesting_places"
292,1879415,73.8016281,18.5097637,Vithoba Temple,"religion,hindu_temples,interesting_places"
293,16054735,73.8896484,18.5645752,Yerawada Central Jail,"historic_architecture,architecture,interesting_places,other_buildings_and_structures"
294,7978448,73.8192902,18.478775,Chakradhar Mitra mandal,"religion,hindu_temples,interesting_places"
295,5686985,73.8293304,18.5695095,Dutt Ashram,"religion,hindu_temples,interesting_places"
296,5686894,73.9029694,18.4849281,Jhulelal Hindu Temple,"religion,hindu_temples,interesting_places"
297,5165268,73.7971954,18.5213108,Mhatoba Mandir,"religion,hindu_temples,interesting_places"
299,1880137,73.8956146,18.4759617,Shiva Temple,"religion,hindu_temples,interesting_places"
301,1880547,73.9121475,18.5457878,Cybage Fountain,"fountains,cultural,urban_environment,interesting_places"
302,1880523,73.8289032,18.5725403,Ganesh Temple,"religion,hindu_temples,interesting_places"
303,5686876,73.845871,18.4628372,Ganesh Temple,"religion,other_temples,interesting_places"
304,4990799,73.8892593,18.4707298,E Square Multiplex,"cultural,cinemas,theatres_and_entertainments,interesting_places"
305,5686756,73.7976608,18.5028858,Shantiban Ganesh Mandir,"religion,hindu_temples,interesting_places"
306,1880129,73.8933182,18.4726486,Musjid kauser bagh,"religion,other_temples,interesting_places"
307,7982631,73.826828,18.5728474,Swami Narayan Gujarati Temple,"religion,hindu_temples,interesting_places"
308,4982504,73.8128891,18.5633545,Pandit Bhimsen Joshi Kalamandir,"cultural,theatres_and_entertainments,interesting_places,other_theatres"
309,7982629,73.8087311,18.560421,Ganesh Mandir,"religion,hindu_temples,interesting_places"
311,5686816,73.8114853,18.5640736,Hanuman Mandir,"religion,hindu_temples,interesting_places"
312,1879700,73.8153763,18.5675774,aundh smashan bhoomi,"cemeteries,historic,burial_places,interesting_places"
313,7087217,73.8197327,18.468256,Fun Time Multiplex,"cultural,cinemas,theatres_and_entertainments,interesting_places"
314,7082304,73.8070068,18.5620823,Cinepolis West End Mall,"cultural,cinemas,theatres_and_entertainments,interesting_places"
315,1880567,73.9183121,18.5474491,Bramha Suncity Fountain.,"fountains,cultural,urban_environment,interesting_places"
316,11316925,73.8590164,18.4544029,Rajiv Gandhi Zoological Park And Research,"urban_environment,gardens_and_parks,cultural,museums,interesting_places,zoos"
317,1880123,73.8896179,18.4621201,Sai Baba Mandir,"religion,hindu_temples,interesting_places"
318,1879298,73.8110046,18.4703426,Universal,"religion,other_temples,interesting_places"
319,1880121,73.8902054,18.4622536,Maulana Yonus Masjid,"religion,other_temples,interesting_places"
320,1880118,73.8903275,18.462307,Moulana Younus Masjid,"religion,other_temples,interesting_places"
321,1879402,73.7879944,18.5068016,Vedacharya Ghaisas Guruji Ved Path Shala and Ganesh Temple,"religion,hindu_temples,interesting_places"
322,1879497,73.7897339,18.5416832,Sri Balaji Temple,"religion,hindu_temples,interesting_places"
323,5102347,73.7875824,18.5365639,Ahele-Sunnat-wal-Jamat Masjid,"religion,other_temples,interesting_places"
324,11339593,73.8612289,18.4529972,Rajiv Gandhi Snake Park,"urban_environment,gardens_and_parks,cultural,museums,interesting_places,zoos"
325,15265490,73.8611755,18.4529057,Peshwe Park,"gardens_and_parks,cultural,urban_environment,interesting_places"
326,4990797,73.8165283,18.4629498,Abhiruchi City Pride,"cultural,cinemas,theatres_and_entertainments,interesting_places"
327,7979929,73.7897415,18.5490398,Athashri Temple,"religion,hindu_temples,interesting_places"
328,5686997,73.925827,18.5476341,Ayyappa Temple,"religion,hindu_temples,interesting_places"
329,1880556,73.8864822,18.5862217,Kailasdham Temple,"religion,hindu_temples,interesting_places"
330,1880044,73.8780518,18.4515076,Shatrunjay Temple,"religion,hindu_temples,interesting_places"
331,1879614,73.7855072,18.5454769,Shri Swami Samarth Temple,"religion,hindu_temples,interesting_places"
332,7989641,73.8881378,18.5863876,Ayyappa Temple,"religion,hindu_temples,interesting_places"
333,7989642,73.887825,18.5866642,Ganpati Temple,"religion,hindu_temples,interesting_places"
334,6793257,73.786438,18.5493279,Baner Hill,"mountain_peaks,geological_formations,natural,interesting_places"
336,7989643,73.8887024,18.5868721,Ganesh Mandir,"religion,hindu_temples,interesting_places"
338,5686747,73.7803421,18.5325241,Temple,"religion,hindu_temples,interesting_places"
340,5686868,73.8532944,18.4469242,Jain Temple,"religion,other_temples,interesting_places"
342,7989624,73.7886581,18.5586414,Tukai Mata Mandir,"religion,hindu_temples,interesting_places"
343,5102373,73.932663,18.4993496,Kalbhairavnath  temple,"religion,other_temples,interesting_places"
344,1880031,73.8330536,18.4486103,Shri Mandhar Devi Kalubai Mandir,"religion,hindu_temples,interesting_places"
345,1880577,73.9183578,18.5677776,Vimannagar Ganesh Temple,"religion,hindu_temples,interesting_places"
346,7979616,73.8807144,18.4479103,ISKCON NVCC Temple,"religion,hindu_temples,interesting_places"
347,5686870,73.8288422,18.4487934,Bhairavnath Mandir,"religion,hindu_temples,interesting_places"
348,7989625,73.7871475,18.5588875,Baneshwar Temple,"religion,hindu_temples,interesting_places"
349,5686973,73.9320068,18.4908543,Ganpati Mandir,"religion,hindu_temples,interesting_places"
350,6604086,73.7772293,18.5386982,Sutarwadi Hill,"mountain_peaks,geological_formations,natural,interesting_places"
351,6604087,73.7804413,18.5484982,Pashan Hill,"mountain_peaks,geological_formations,natural,interesting_places"
352,1879801,73.8219223,18.5916996,Ganpati Mandir,"religion,hindu_temples,interesting_places"
353,1880480,73.921402,18.4699955,Ganesh Temple,"religion,hindu_temples,interesting_places"
354,1879704,73.7921219,18.5713863,Hanuman Mandir,"religion,hindu_temples,interesting_places"
355,1879703,73.7918167,18.5713501,Bhairavnath Temple,"religion,hindu_temples,interesting_places"
356,7982630,73.7905731,18.5708027,Kalikadevi Mandir,"religion,hindu_temples,interesting_places"
357,11312455,73.8174057,18.5921059,Pimple Gurav Dinosaur Park,"gardens_and_parks,cultural,urban_environment,interesting_places,amusements,amusement_parks"
358,1880504,73.9421158,18.5306149,Mudhava Road,"religion,other_temples,interesting_places"
359,1879370,73.7740402,18.544239,Buddha Statue,"historic,monuments_and_memorials,interesting_places,monuments"
360,5686746,73.7739182,18.544199,Dhammankur Mahavihar,"religion,buddhist_temples,interesting_places"
361,7978454,73.9343109,18.4830608,Om Shivdutta Ganga Village Mandir,"religion,hindu_temples,interesting_places"
362,5686785,73.7823563,18.5647678,Shri Ganeshdatta Mandir,"religion,hindu_temples,interesting_places"
363,7989640,73.9395142,18.4853516,Shri Mahadev Mandir,"religion,hindu_temples,interesting_places"
364,5686795,73.7813034,18.5693893,Shri Suryamukhi Dattamandir,"religion,hindu_temples,interesting_places"
365,9958530,73.9413528,18.4852772,Sai Mandir,"religion,hindu_temples,interesting_places"
366,5686833,73.8024445,18.5924721,Sai Baba Temple,"religion,other_temples,interesting_places"
367,1880048,73.8955841,18.4395618,Yeolewadi येवले वाडी,"other,unclassified_objects,interesting_places,tourist_object"
368,1879588,73.7807083,18.5735779,Laxmi Mata Mandir,"religion,hindu_temples,interesting_places"
372,7359310,73.7865067,18.459425,Tanaji Malusare Putla,"historic,monuments_and_memorials,cultural,urban_environment,interesting_places,sculptures,monuments"
373,5686724,73.799942,18.4466934,Ganesh Temple,"religion,hindu_temples,interesting_places"
374,9958531,73.9460754,18.4861813,Shri Hanuman Seva Trust,"religion,hindu_temples,interesting_places"
376,9958532,73.9470215,18.4875622,Tukai Temple,"religion,hindu_temples,interesting_places"
378,5686835,73.7939072,18.5935135,Duttraj Mandir,"religion,hindu_temples,interesting_places"
379,7982628,73.7830582,18.5857067,Shri sai temple,"religion,hindu_temples,interesting_places"
380,1879552,73.7625885,18.5555573,Bella Casa Fountain,"fountains,cultural,urban_environment,interesting_places"
381,7989626,73.7842484,18.5880985,Maruti Mandir,"religion,hindu_temples,interesting_places"
382,6604085,73.7562637,18.5356369,Pointy Hill,"mountain_peaks,geological_formations,natural,interesting_places"
383,7836087,73.7836533,18.5875473,Ganpati Temple,"religion,hindu_temples,interesting_places"
387,15005048,73.8729019,18.6161003,église Notre-Dame-de-l'Immaculée-Conception de Pune,"religion,churches,interesting_places,other_churches"
388,1879554,73.7611389,18.5557842,Ganapati Mandir,"religion,hindu_temples,interesting_places"
389,9958499,73.7993469,18.6021767,Shiv Mandir,"religion,other_temples,interesting_places"
390,5686800,73.7814941,18.5886154,Dakshinmukhi Maruti Mandir,"religion,hindu_temples,interesting_places"
395,5167798,73.7543259,18.5534,Hanuman Temple,"religion,hindu_temples,interesting_places"
396,11816618,73.7543259,18.5536118,Bhairavnath Temple,"religion,hindu_temples,interesting_places"
397,11375902,73.8511124,18.6261539,Ankushrao Landge Natyagruha,"cultural,theatres_and_entertainments,interesting_places,other_theatres"
400,1879286,73.759079,18.4610653,Ashoka Pillar,"historic,monuments_and_memorials,interesting_places,monuments"
402,5686789,73.7601547,18.5886879,Mhatoba Mandir,"religion,other_temples,interesting_places"
403,1880045,73.9055862,18.4153996,Bhopdeo Ghat Viewpoint,"view_points,other,interesting_places"
404,5686834,73.8031235,18.6239223,Our Lady Consoler of the Afflicted Church,"religion,other_temples,interesting_places"
405,1879772,73.7830887,18.6127796,Hanuman & Shani Mandir,"religion,hindu_temples,interesting_places"
406,5686821,73.7639313,18.5961838,Datta Temple,"religion,hindu_temples,interesting_places"
407,1879285,73.7358627,18.4980087,Manas Resort,"other,unclassified_objects,interesting_places,tourist_object"
408,7082307,73.804245,18.626236,Vishal E-Square,"cultural,cinemas,theatres_and_entertainments,interesting_places"
409,1879748,73.7826691,18.6194572,Oam Ganesh Temple,"religion,hindu_temples,interesting_places"
410,7082309,73.8005066,18.6334915,PVR,"cultural,cinemas,theatres_and_entertainments,interesting_places"
411,16147150,73.9418793,18.6161232,Chhatrapati Shivaji Maharaj Museum of Indian History,"museums,cultural,interesting_places,other_museums"
413,4990796,73.7674484,18.425024,Open theatre Sarang,"cultural,cinemas,theatres_and_entertainments,interesting_places"
414,7082305,73.7446671,18.5920734,E-Square Xion,"cultural,cinemas,theatres_and_entertainments,interesting_places"
417,7082306,73.7843704,18.6290569,INOX,"cultural,cinemas,theatres_and_entertainments,interesting_places"
419,7082310,73.7961731,18.6356297,Carnival Cinemas,"cultural,cinemas,theatres_and_entertainments,interesting_places"
424,1879237,73.7751694,18.4167137,Wildernest Country Homes,"other,unclassified_objects,interesting_places,tourist_object"
425,5167799,73.7783737,18.6263809,Morya Gosavi Temple,"religion,hindu_temples,interesting_places"
427,1879805,73.7878571,18.6324825,Fountain in Park,"fountains,cultural,urban_environment,interesting_places"
428,1879227,73.7505264,18.4374065,Peacock bay,"other,unclassified_objects,interesting_places,tourist_object"
429,1879712,73.7406158,18.5912323,Ganesh Temple,"religion,hindu_temples,interesting_places"
430,4990803,73.8391418,18.6503448,Carnival Cinemas,"cultural,cinemas,theatres_and_entertainments,interesting_places"
431,1880049,73.9525528,18.4142361,Kanifnath Mandir,"religion,hindu_temples,interesting_places"
433,1879989,73.8052902,18.6578636,Shri Gurudev Datta Mandir,"religion,hindu_temples,interesting_places"
434,1879994,73.8065262,18.6586895,Vittal Mandir,"religion,hindu_temples,interesting_places"
435,1879954,73.765831,18.6385956,Chintamani Ganesh Temple,"religion,other_temples,interesting_places"
436,9958513,73.7901077,18.6525936,Link Composites,"other,unclassified_objects,interesting_places,tourist_object"
437,1879981,73.7854614,18.650671,Khandoba Mandir,"religion,hindu_temples,interesting_places"
438,5686860,73.8058472,18.6591053,Shiv Shambhu,"religion,hindu_temples,interesting_places"
439,7989632,73.8088455,18.6606674,Saraswati Mandir,"religion,hindu_temples,interesting_places"
440,1879958,73.7834854,18.6504841,Shitaladevi Aai Mandir,"religion,hindu_temples,interesting_places"
441,7989631,73.8081436,18.6607437,Shani Mandir,"religion,hindu_temples,interesting_places"
442,7989630,73.808197,18.6607952,Lord Shiv's Murti,"religion,hindu_temples,interesting_places"
443,7977845,73.7709732,18.6465569,Tulja Bhavani Temple,"religion,hindu_temples,interesting_places"
444,7989627,73.8059845,18.662693,Swami Samarth Mandir,"religion,hindu_temples,interesting_places"
445,7989629,73.8053589,18.6631298,Vittal mandir,"religion,hindu_temples,interesting_places"
446,7989628,73.8051529,18.6630878,Vithal Rukmini Mandir,"religion,hindu_temples,interesting_places"
447,1879987,73.7982941,18.6611938,temple,"religion,other_temples,interesting_places"
448,4982506,73.7108078,18.5976238,Amphitheater,"cultural,theatres_and_entertainments,interesting_places,other_theatres"
449,5686851,73.7665176,18.6538658,Shree Gajanan Maharaj Temple,"religion,hindu_temples,interesting_places"
450,1879534,73.7085648,18.5956593,Centre Fountain,"fountains,cultural,urban_environment,interesting_places"
451,5686850,73.7658768,18.6552925,Datta Mandir,"religion,other_temples,interesting_places"
452,5167804,73.7701874,18.6579456,Sri Krishna Temple,"religion,hindu_temples,interesting_places"
453,5102352,73.786911,18.6664486,Infant Jesus Church,"religion,other_temples,interesting_places"
454,1879965,73.7680817,18.6569901,Dakshinmukhi Maruti Mandir,"religion,hindu_temples,interesting_places"
455,1879536,73.7086868,18.5985012,Bajranj Bali Mandir,"religion,hindu_temples,interesting_places"
456,1880641,73.8967133,18.6771069,Gyaneshwar Maharaj,"religion,other_temples,interesting_places"
457,1880643,73.8567429,18.6816959,Kadjai Mata Mandir,"religion,hindu_temples,interesting_places"
458,5102351,73.7778549,18.6637306,Mata Amritanandamayi Math माता अमृतानंदमयी मठ,"religion,other_temples,interesting_places"
459,1879224,73.7688599,18.3773174,Sinhagad Valley,"view_points,other,interesting_places"
460,1879972,73.8159714,18.6856251,Datta Mandir,"religion,hindu_temples,interesting_places"
461,1880061,74.0174332,18.4437332,Ramdhara Temple,"religion,other_temples,interesting_places"
462,1879983,73.8120499,18.6880341,Ganapati mandir,"religion,hindu_temples,interesting_places"
463,4906168,73.757843,18.6700306,Durga Tekdi,"mountain_peaks,geological_formations,natural,interesting_places"
464,1879995,73.7880936,18.6856728,Classic frp works,"other,unclassified_objects,interesting_places,tourist_object"
465,5102353,73.7888565,18.6861477,Jyoti ba Mandir,"religion,other_temples,interesting_places"
466,5687001,74.0464478,18.5238342,Chintamani Ashtavinayak Mandir,"religion,hindu_temples,interesting_places"
467,1879221,73.7592163,18.3655643,Pune Gate,"view_points,other,interesting_places"
468,11830952,73.7552261,18.3651447,Sinhagad Fort,"fortifications,historic,interesting_places,castles"
469,6604083,73.7549896,18.3651867,Sinhagad,"mountain_peaks,geological_formations,natural,interesting_places"
470,7979617,74.0068588,18.4057331,Tukai Mata Mandir,"religion,hindu_temples,interesting_places"
471,9958482,73.7538147,18.3625622,Kalyan Gate,"view_points,other,interesting_places"
473,7982632,73.7993469,18.7115173,Shree Somnathgiri Baba Mandir,"religion,hindu_temples,interesting_places"
474,15099914,73.7298126,18.6833115,Gurdwara Sri Guru Singh Sabha Dehu Road,"religion,other_temples,interesting_places"
475,7982635,73.7873688,18.7161522,Tuljabhavani Temple,"religion,hindu_temples,interesting_places"
476,7978447,73.6428146,18.5723782,Kunjai Temple,"religion,hindu_temples,interesting_places"
477,7978451,73.9780502,18.3430805,Shri Bhairavnath Temple,"religion,hindu_temples,interesting_places"
478,7982633,73.9787445,18.343195,Maruti Temple,"religion,hindu_temples,interesting_places"
479,11211230,74.0493469,18.412014,Malhargad,"mountain_peaks,geological_formations,natural,interesting_places"
481,11828387,74.049736,18.4119225,Malhargad,"fortifications,historic,interesting_places,castles"
482,7982634,73.7652893,18.7190647,Tukaram Maharaj Mandir,"religion,hindu_temples,interesting_places"
486,5686875,74.050705,18.3924236,Laxmi Aai Mandir,"religion,hindu_temples,interesting_places"
487,16077098,73.7040558,18.6922512,Shelarwadi Caves,"interesting_places,natural,geological_formations,caves"
488,15609194,73.7040558,18.6922512,Ghorawadi Caves,"interesting_places,natural,geological_formations,caves"
489,5102381,73.8805084,18.7472191,Gurudawara Guru Nanak Darbar,"religion,other_temples,interesting_places"
491,15605364,74.059166,18.6455555,Battle of Koregaon,"battlefields,historic,historical_places,interesting_places"
492,7980742,74.0235138,18.3521919,om sai mitra mandal saisamrajya chowk saswad,"religion,hindu_temples,interesting_places"
499,5102378,73.8653641,18.7569714,"Bolhai mata mandir, chakan","religion,other_temples,interesting_places"
